,id,name,symbol
0,custom_coin,Cryptocurrencies,CRYPTO
1,bitcoin,Bitcoin,BTC
2,ethereum,Ethereum,ETH
3,ripple,Ripple,XRP
4,bitcoin-cash,Bitcoin Cash,BCH
5,litecoin,Litecoin,LTC
6,eos,EOS,EOS
7,cardano,Cardano,ADA
8,stellar,Stellar,XLM
9,neo,NEO,NEO
10,iota,IOTA,MIOTA
11,monero,Monero,XMR
12,tron,TRON,TRX
13,dash,Dash,DASH
14,tether,Tether,USDT
15,nem,NEM,XEM
16,binance-coin,Binance Coin,BNB
17,ethereum-classic,Ethereum Classic,ETC
18,vechain,VeChain,VEN
19,qtum,Qtum,QTUM
20,verge,Verge,XVG
21,lisk,Lisk,LSK
22,omisego,OmiseGO,OMG
23,ontology,Ontology,ONT
24,icon,ICON,ICX
25,bitcoin-gold,Bitcoin Gold,BTG
26,nano,Nano,NANO
27,zcash,Zcash,ZEC
28,bytom,Bytom,BTM
29,steem,Steem,STEEM
30,populous,Populous,PPT
31,digixdao,DigixDAO,DGD
32,bytecoin-bcn,Bytecoin,BCN
33,bitcoin-diamond,Bitcoin Diamond,BCD
34,siacoin,Siacoin,SC
35,bitshares,BitShares,BTS
36,stratis,Stratis,STRAT
37,waves,Waves,WAVES
38,decred,Decred,DCR
39,rchain,RChain,RHOC
40,aeternity,Aeternity,AE
41,dogecoin,Dogecoin,DOGE
42,maker,Maker,MKR
43,status,Status,SNT
44,zilliqa,Zilliqa,ZIL
45,iostoken,IOStoken,IOST
46,0x,0x,ZRX
47,augur,Augur,REP
48,komodo,Komodo,KMD
49,aion,Aion,AION
50,ardor,Ardor,ARDR
51,loopring,Loopring,LRC
52,hshare,Hshare,HSR
53,waltonchain,Waltonchain,WTC
54,pivx,PIVX,PIVX
55,cryptonex,Cryptonex,CNX
56,ark,Ark,ARK
57,kucoin-shares,KuCoin Shares,KCS
58,basic-attention-token,Basic Attention Token,BAT
59,veritaseum,Veritaseum,VERI
60,qash,QASH,QASH
61,monacoin,MonaCoin,MONA
62,centrality,Centrality,CENNZ
63,digibyte,DigiByte,DGB
64,elastos,Elastos,ELA
65,factom,Factom,FCT
66,dragonchain,Dragonchain,DRGN
67,golem-network-tokens,Golem,GNT
68,nebulas-token,Nebulas,NAS
69,gxchain,GXChain,GXS
70,aelf,aelf,ELF
71,ethos,Ethos,ETHOS
72,substratum,Substratum,SUB
73,gas,Gas,GAS
74,electroneum,Electroneum,ETN
75,syscoin,Syscoin,SYS
76,funfair,FunFair,FUN
77,revain,Revain,R
78,kyber-network,Kyber Network,KNC
79,zcoin,ZCoin,XZC
80,gxshares,GXShares,GXS
81,nucleus-vision,Nucleus Vision,NCASH
82,maidsafecoin,MaidSafeCoin,MAID
83,byteball,Byteball Bytes,GBYTE
84,storm,Storm,STORM
85,reddcoin,ReddCoin,RDD
86,salt,SALT,SALT
87,nxt,Nxt,NXT
88,power-ledger,Power Ledger,POWR
89,dent,Dent,DENT
90,particl,Particl,PART
91,enigma-project,Enigma,ENG
92,request-network,Request Network,REQ
93,chainlink,ChainLink,LINK
94,bancor,Bancor,BNT
95,skycoin,Skycoin,SKY
96,wax,WAX,WAX
97,neblio,Neblio,NEBL
98,storj,Storj,STORJ
99,tenx,TenX,PAY
100,kin,Kin,KIN
101,dentacoin,Dentacoin,DCN
102,emercoin,Emercoin,EMC
103,cindicator,Cindicator,CND
104,genaro-network,Genaro Network,GNX
105,poa-network,POA Network,POA
106,achain,Achain,ACT
107,matrix-ai-network,Matrix AI Network,MAN
108,zencash,ZenCash,ZEN
109,vertcoin,Vertcoin,VTC
110,nexus,Nexus,NXS
111,iconomi,Iconomi,ICN
112,boscoin,BOScoin,BOS
113,fusion,Fusion,FSN
114,dropil,Dropil,DROP
115,enjin-coin,Enjin Coin,ENJ
116,nuls,Nuls,NULS
117,minexcoin,MinexCoin,MNX
118,credits,Credits,CS
119,xplay,XPA,XPA
120,high-performance-blockchain,High Performance Blockchain,HPB
121,polymath-network,Polymath,POLY
122,decentraland,Decentraland,MANA
123,metal,Metal,MTL
124,smartcash,SmartCash,SMART
125,civic,Civic,CVC
126,gamecredits,GameCredits,GAME
127,monaco,Monaco,MCO
128,singularitynet,SingularityNET,AGI
129,cube,Cube,AUTO
130,bitcore,Bitcore,BTX
131,rlc,iExec RLC,RLC
132,poet,Po.et,POE
133,blocknet,Blocknet,BLOCK
134,gnosis-gno,Gnosis,GNO
135,time-new-bank,Time New Bank,TNB
136,oyster,Oyster,PRL
137,genesis-vision,Genesis Vision,GVT
138,sirin-labs-token,SIRIN LABS Token,SRN
139,quantstamp,Quantstamp,QSP
140,aragon,Aragon,ANT
141,raiden-network-token,Raiden Network Token,RDN
142,theta-token,Theta Token,THETA
143,bitcoindark,BitcoinDark,BTCD
144,ignis,Ignis,IGNIS
145,santiment,Santiment Network Token,SAN
146,mithril,Mithril,MITH
147,ubiq,Ubiq,UBQ
148,deepbrain-chain,DeepBrain Chain,DBC
149,dynamic-trading-rights,Dynamic Trading Rights,DTR
150,thekey,THEKEY,TKY
151,nav-coin,NavCoin,NAV
152,loom-network,Loom Network,LOOM
153,arcblock,Arcblock,ABT
154,paypie,PayPie,PPP
155,digitalnote,DigitalNote,XDN
156,bluzelle,Bluzelle,BLZ
157,gifto,Gifto,GTO
158,pillar,Pillar,PLR
159,paypex,Paypex,PAYX
160,ion,ION,ION
161,cybermiles,CyberMiles,CMT
162,envion,Envion,EVN
163,dew,DEW,DEW
164,groestlcoin,Groestlcoin,GRS
165,salus,SaluS,SLS
166,bibox-token,Bibox Token,BIX
167,ripio-credit-network,Ripio Credit Network,RCN
168,bridgecoin,BridgeCoin,BCO
169,eidoo,Eidoo,EDO
170,blockv,BLOCKv,VEE
171,pundi-x-old,Pundi X [OLD],PXS
172,ethlend,ETHLend,LEND
173,smartmesh,SmartMesh,SMT
174,pura,Pura,PURA
175,medibloc,MediBloc,MED
176,iot-chain,IoT Chain,ITC
177,adx-net,AdEx,ADX
178,telcoin,Telcoin,TEL
179,quantum-resistant-ledger,Quantum Resistant Ledger,QRL
180,ruff,Ruff,RUFF
181,edgeless,Edgeless,EDG
182,simple-token,Simple Token,OST
183,data,DATA,DTA
184,streamr-datacoin,Streamr DATAcoin,DATA
185,ost,OST,OST
186,experience-points,Experience Points,XP
187,scryinfo,Scry.info,DDD
188,sophiatx,SophiaTX,SPHTX
189,sonm,SONM,SNM
190,c20,CRYPTO20,C20
191,asch,Asch,XAS
192,amber,Ambrosus,AMB
193,peercoin,Peercoin,PPC
194,feathercoin,Feathercoin,FTC
195,airswap,AirSwap,AST
196,bitbay,BitBay,BAY
197,red-pulse,Red Pulse,RPX
198,medishares,MediShares,MDS
199,spankchain,SpankChain,SPANK
200,einsteinium,Einsteinium,EMC2
201,casinocoin,CasinoCoin,CSC
202,wings,Wings,WINGS
203,crypterium,Crypterium,CRPT
204,mobilego,MobileGo,MGO
205,singulardtv,SingularDTV,SNGLS
206,wepower,WePower,WPR
207,xtrabytes,XTRABYTES,XBY
208,utrust,UTRUST,UTK
209,ravencoin,Ravencoin,RVN
210,appcoins,AppCoins,APPC
211,ins-ecosystem,INS Ecosystem,INS
212,pundi-x,Pundi X,NPXS
213,gulden,Gulden,NLG
214,naga,NAGA,NGC
215,vibe,VIBE,VIBE
216,district0x,district0x,DNT
217,presearch,Presearch,PRE
218,modum,Modum,MOD
219,counterparty,Counterparty,XCP
220,bread,Bread,BRD
221,universa,Universa,UTNP
222,hive,Hive,HVN
223,taas,TaaS,TAAS
224,viacoin,Viacoin,VIA
225,ormeus-coin,Ormeus Coin,ORME
226,library-credit,LBRY Credits,LBC
227,tierion,Tierion,TNT
228,ink,Ink,INK
229,wabi,WaBi,WABI
230,origintrail,OriginTrail,TRAC
231,qlink,QLINK,QLC
232,soarcoin,Soarcoin,SOAR
233,rock,Rock,RKT
234,cloakcoin,CloakCoin,CLOAK
235,melon,Melon,MLN
236,bitcoin-atom,Bitcoin Atom,BCA
237,burst,Burst,BURST
238,kickico,KickCoin,KICK
239,bitcny,bitCNY,BITCNY
240,delphy,Delphy,DPY
241,etherparty,Etherparty,FUEL
242,trinity-network-credit,Trinity Network Credit,TNC
243,coindash,CoinDash,CDT
244,iht-real-estate-protocol,IHT Real Estate Protocol,IHT
245,wagerr,Wagerr,WGR
246,bottos,Bottos,BTO
247,blockmason,BlockMason Credit Protocol,BCPT
248,unobtanium,Unobtanium,UNO
249,jibrel-network,Jibrel Network,JNT
250,leocoin,LEOcoin,LEO
251,aeon,Aeon,AEON
252,html-coin,HTMLCOIN,HTML
253,game,Game.com,GTC
254,triggers,Triggers,TRIG
255,metaverse,Metaverse ETP,ETP
256,blakestar,ERA,ERA
257,blox,Blox,CDT
258,mobius,Mobius,MOBI
259,synereo,Synereo,AMP
260,eccoin,ECC,ECC
261,yoyow,YOYOW,YOYOW
262,steem-dollars,Steem Dollars,SBD
263,cofound-it,Cofound.it,CFI
264,namecoin,Namecoin,NMC
265,legolas-exchange,Legolas Exchange,LGO
266,havven,Havven,HAV
267,humaniq,Humaniq,HMQ
268,suncontract,SunContract,SNC
269,lykke,Lykke,LKK
270,tokencard,TokenCard,TKN
271,unikoin-gold,Unikoin Gold,UKG
272,decent,DECENT,DCT
273,viberate,Viberate,VIB
274,tomochain,TomoChain,TOMO
275,safe-exchange-coin,Safe Exchange Coin,SAFEX
276,crown,Crown,CRW
277,linkeye,LinkEye,LET
278,cpchain,CPChain,CPC
279,spectre-dividend,Spectre.ai Dividend Token,SXDT
280,e-dinar-coin,E-Dinar Coin,EDR
281,dai,Dai,DAI
282,shift,Shift,SHIFT
283,nimiq,Nimiq Exchange Token,NET
284,voxels,Voxels,VOX
285,deeponion,DeepOnion,ONION
286,potcoin,PotCoin,POT
287,indahash,indaHash,IDH
288,odyssey,Odyssey,OCN
289,lunyr,Lunyr,LUN
290,faircoin,FairCoin,FAIR
291,grid,Grid+,GRID
292,flash,Flash,FLASH
293,elastic,Elastic,XEL
294,electra,Electra,ECA
295,spacechain,SpaceChain,SPC
296,mercury,Mercury,MER
297,adtoken,adToken,ADT
298,datum,Datum,DAT
299,whitecoin,WhiteCoin,XWC
300,fortuna,Fortuna,FOTA
301,numeraire,Numeraire,NMR
302,dmarket,DMarket,DMT
303,everex,Everex,EVX
304,bean-cash,Bean Cash,BITB
305,mooncoin,Mooncoin,MOON
306,bankex,Bankex,BKX
307,monetha,Monetha,MTH
308,blackcoin,BlackCoin,BLK
309,dimecoin,Dimecoin,DIME
310,storiqa,Storiqa,STQ
311,qunqun,QunQun,QUN
312,pepe-cash,Pepe Cash,PEPECASH
313,uptoken,UpToken,UP
314,medical-chain,Medicalchain,MTN
315,zclassic,ZClassic,ZCL
316,diamond,Diamond,DMD
317,internet-node-token,Internet Node Token,INT
318,prizm,PRIZM,PZM
319,mothership,Mothership,MSP
320,sibcoin,SIBCoin,SIB
321,peerplays-ppy,Peerplays,PPY
322,coss,COSS,COSS
323,trade-token,Trade Token,TIO
324,cashaa,Cashaa,CAS
325,republic-protocol,Republic Protocol,REN
326,gridcoin,GridCoin,GRC
327,uquid-coin,Uquid Coin,UQC
328,swissborg,SwissBorg,CHSB
329,matryx,Matryx,MTX
330,iocoin,I/O Coin,IOC
331,radium,Radium,RADS
332,zeepin,Zeepin,ZPT
333,colossuscoinxt,ColossusCoinXT,COLX
334,yee,YEE,YEE
335,propy,Propy,PRO
336,blocktix,Blocktix,TIX
337,bloomtoken,Bloom,BLT
338,primecoin,Primecoin,XPM
339,icos,ICOS,ICOS
340,trust,WeTrust,TRST
341,vericoin,VeriCoin,VRC
342,hive-project,Hive Project,HVN
343,moeda-loyalty-points,Moeda Loyalty Points,MDA
344,zoin,Zoin,ZOI
345,stk,STK,STK
346,alphacat,Alphacat,ACAT
347,swftcoin,SwftCoin,SWFTC
348,aidoc,AI Doctor,AIDOC
349,decision-token,Decision Token,HST
350,selfkey,Selfkey,KEY
351,zeusshield,Zeusshield,ZSC
352,electrifyasia,Electrify.Asia,ELEC
353,revolutionvr,RevolutionVR,RVR
354,firstblood,FirstBlood,1ST
355,bitusd,bitUSD,BITUSD
356,incent,Incent,INCNT
357,blockport,Blockport,BPT
358,banyan-network,Banyan Network,BBN
359,attention-token-of-media,ATMChain,ATM
360,coinmeet,CoinMeet,MEE
361,agrello-delta,Agrello,DLT
362,bitclave,BitClave,CAT
363,encrypgen,EncrypGen,DNA
364,monetaryunit,MonetaryUnit,MUE
365,carvertical,carVertical,CV
366,true-chain,True Chain,TRUE
367,refereum,Refereum,RFR
368,aeron,Aeron,ARN
369,omni,Omni,OMNI
370,paragon,Paragon,PRG
371,oax,OAX,OAX
372,guppy,Matchpool,GUP
373,solarcoin,SolarCoin,SLR
374,energo,Energo,TSL
375,all-sports,All Sports,SOC
376,dadi,DADI,DADI
377,shipchain,ShipChain,SHIP
378,bismuth,Bismuth,BIS
379,qbao,Qbao,QBT
380,lamden,Lamden,TAU
381,linda,Linda,LINDA
382,latoken,LATOKEN,LA
383,alis,ALIS,ALIS
384,pascal-coin,Pascal Coin,PASC
385,bitcoin-green,Bitcoin Green,BITG
386,tao,Tao,XTO
387,bodhi,Bodhi,BOT
388,posw-coin,PoSW Coin,POSW
389,insurepal,InsurePal,IPL
390,datawallet,Datawallet,DXT
391,shield-xsh,SHIELD,XSH
392,nolimitcoin,NoLimitCoin,NLC2
393,expanse,Expanse,EXP
394,hempcoin,HempCoin,THC
395,zap,Zap,ZAP
396,oraclechain,OracleChain,OCT
397,ixledger,iXledger,IXT
398,everus,Everus,EVR
399,divi,Divi,DIVX
400,leadcoin,Leadcoin,LDC
401,bitdegree,BitDegree,BDG
402,exchange-union,Exchange Union,XUC
403,prochain,ProChain,PRA
404,xaurum,Xaurum,XAUR
405,sentinel-chain,Sentinel Chain,SENC
406,neumark,Neumark,NEU
407,lympo,Lympo,LYM
408,cappasity,Cappasity,CAPP
409,bitsend,BitSend,BSD
410,sureremit,SureRemit,RMT
411,restart-energy-mwat,Restart Energy MWAT,MWAT
412,blackmoon,Blackmoon,BMC
413,measurable-data-token,Measurable Data Token,MDT
414,alqo,ALQO,ALQO
415,olympus-labs,Olympus Labs,MOT
416,clams,Clams,CLAM
417,lomocoin,LoMoCoin,LMC
418,universal-currency,Universal Currency,UNIT
419,true-usd,True USD,TUSD
420,aichain,AICHAIN,AIT
421,polybius,Polybius,PLBT
422,domraider,DomRaider,DRT
423,phore,Phore,PHR
424,target-coin,Target Coin,TGT
425,decent-bet,DecentBet,DBET
426,karma,Karma,KRM
427,rialto,Rialto,XRL
428,newyorkcoin,NewYorkCoin,NYC
429,swarm-city,Swarm City,SWT
430,b2bx,B2BX,B2B
431,covesting,Covesting,COV
432,rubycoin,Rubycoin,RBY
433,dynamic,Dynamic,DYN
434,pareto-network,Pareto Network,PARETO
435,okcash,OKCash,OK
436,coinpoker,CoinPoker,CHP
437,transfercoin,TransferCoin,TX
438,boolberry,Boolberry,BBR
439,waves-community-token,Waves Community Token,WCT
440,databits,Databits,DTB
441,xpa,XPA,XPA
442,snovio,Snovio,SNOV
443,debitum-network,Debitum Network,DEB
444,oxycoin,Oxycoin,OXY
445,gambit,Gambit,GAM
446,stox,Stox,STX
447,myriad,Myriad,XMY
448,hi-mutual-society,Hi Mutual Society,HMC
449,fidentiax,FidentiaX,FDX
450,echolink,EchoLink,EKO
451,earthcoin,EarthCoin,EAC
452,canyacoin,CanYaCoin,CAN
453,auroracoin,Auroracoin,AUR
454,atbcoin,ATBCoin,ATB
455,ties-network,TIES Network,TIE
456,energycoin,Energycoin,ENRG
457,lockchain,LockChain,LOC
458,toacoin,ToaCoin,TOA
459,patientory,Patientory,PTOY
460,guts-tickets,GET Protocol,GET
461,hackspace-capital,Hackspace Capital,HAC
462,russian-mining-coin,Russian Miner Coin,RMC
463,neoscoin,NeosCoin,NEOS
464,bitconnect,BitConnect,BCC
465,florincoin,FlorinCoin,FLO
466,the-champcoin,The ChampCoin,TCC
467,te-food,TE-FOOD,TFD
468,hellogold,HelloGold,HGT
469,tokenclub,TokenClub,TCT
470,hacken,Hacken,HKN
471,nexium,Nexium,NXC
472,golos,Golos,GOLOS
473,aurora-dao,Aurora DAO,AURA
474,chronobank,Chronobank,TIME
475,nubits,NuBits,USNBT
476,heat-ledger,HEAT,HEAT
477,quantum,Quantum,QAU
478,open-trading-network,Open Trading Network,OTN
479,airtoken,AirToken,AIR
480,cvcoin,CVCoin,CVCOIN
481,coinfi,CoinFi,COFI
482,foldingcoin,FoldingCoin,FLDC
483,dimcoin,DIMCOIN,DIM
484,oneroot-network,OneRoot Network,RNT
485,dubaicoin-dbix,DubaiCoin,DBIX
486,hubii-network,Hubii Network,HBT
487,gobyte,GoByte,GBX
488,mintcoin,Mintcoin,MINT
489,polis,Polis,POLIS
490,sportyco,SportyCo,SPF
491,solaris,Solaris,XLR
492,atn,ATN,ATN
493,luxcoin,LUXCoin,LUX
494,musicoin,Musicoin,MUSIC
495,investfeed,InvestFeed,IFT
496,primas,Primas,PST
497,mybit-token,MyBit Token,MYB
498,axpire,aXpire,AXP
499,remme,Remme,REM
500,block-array,Block Array,ARY
501,colossusxt,ColossusXT,COLX
502,eroscoin,Eroscoin,ERO
503,rivetz,Rivetz,RVT
504,banca,Banca,BANCA
505,ufo-coin,UFO Coin,UFO
506,spectrecoin,Spectrecoin,XSPEC
507,b3coin,B3Coin,KB3
508,clearcoin,ClearCoin,CLR
509,etheroll,Etheroll,DICE
510,sequence,Sequence,SEQ
511,eztoken,EZToken,EZT
512,novacoin,Novacoin,NVC
513,credo,Credo,CREDO
514,sphere,Sphere,SPHR
515,syndicate,Syndicate,SYNX
516,mysterium,Mysterium,MYST
517,pandacoin-pnd,Pandacoin,PND
518,ucash,U.CASH,UCASH
519,devery,Devery,EVE
520,pinkcoin,PinkCoin,PINK
521,flixxo,Flixxo,FLIXX
522,worldcore,Worldcore,WRC
523,profile-utility-token,Profile Utility Token,PUT
524,curecoin,Curecoin,CURE
525,bitdice,BitDice,CSNO
526,lala-world,LALA World,LALA
527,internet-of-people,Internet of People,IOP
528,travelflex,Travelflex,TRF
529,elixir,Elixir,ELIX
530,rebellious,Rebellious,REBL
531,aidcoin,AidCoin,AID
532,ethereum-blue,BLUE,BLUE
533,bulwark,Bulwark,BWK
534,chips,CHIPS,CHIPS
535,change,Change,CAG
536,cargox,CargoX,CXO
537,bitcrystals,Bitcrystals,BCY
538,bounty0x,Bounty0x,BNTY
539,pirl,Pirl,PIRL
540,zilla,Zilla,ZLA
541,dcorp,DCORP,DRP
542,stealthcoin,Stealthcoin,XST
543,babb,BABB,BAX
544,aventus,Aventus,AVT
545,tokes,Tokes,TKS
546,ink-protocol,Ink Protocol,XNK
547,dotcoin,Dotcoin,DOT
548,ethorse,Ethorse,HORSE
549,circuits-of-value,Circuits of Value,COVAL
550,interplanetary-broadcast-coin,Interplanetary Broadcast Coin,IPBC
551,dopecoin,DopeCoin,DOPE
552,trueflip,TrueFlip,TFL
553,opus,Opus,OPT
554,guaranteed-ethurance-token-extra,Guaranteed Ethurance Token Extra,GETX
555,geocoin,GeoCoin,GEO
556,get-protocol,GET Protocol,GET
557,monkey-project,Monkey Project,MONK
558,apx,APX,APX
559,biocoin,BioCoin,BIO
560,spectre-utility,Spectre.ai Utility Token,SXUT
561,smartlands,Smartlands,SLT
562,obits,OBITS,OBITS
563,korecoin,Kore,KORE
564,mediccoin,MedicCoin,MEDIC
565,hydro-protocol,Hydro Protocol,HOT
566,astro,Astro,ASTRO
567,karbowanec,Karbo,KRB
568,insights-network,Insights Network,INSTAR
569,espers,Espers,ESP
570,artbyte,ArtByte,ABY
571,viuly,Viuly,VIU
572,primalbase,Primalbase Token,PBT
573,voisecom,Voise,VOISE
574,centra,Centra,CTR
575,memetic,Memetic / PepeCoin,MEME
576,rebl,REBL,REBL
577,playkey,Playkey,PKT
578,blockcat,BlockCAT,CAT
579,exclusivecoin,ExclusiveCoin,EXCL
580,clearpoll,ClearPoll,POLL
581,goldmint,GoldMint,MNTP
582,piplcoin,PiplCoin,PIPL
583,eventchain,EventChain,EVC
584,bitcoinz,BitcoinZ,BTCZ
585,uniform-fiscal-object,Uniform Fiscal Object,UFO
586,hexx,Hexx,HXX
587,pesetacoin,Pesetacoin,PTC
588,adbank,adbank,ADB
589,breakout-stake,Breakout Stake,BRX
590,leverj,Leverj,LEV
591,fedoracoin,FedoraCoin,TIPS
592,gatcoin,Gatcoin,GAT
593,synergy,Synergy,SNRG
594,life,LIFE,LIFE
595,adshares,AdShares,ADST
596,iungo,Iungo,ING
597,bitcloud,Bitcloud,BTDX
598,farad,Farad,FRD
599,publica,Publica,PBL
600,sprouts,Sprouts,SPRTS
601,bitmark,Bitmark,BTM
602,zrcoin,ZrCoin,ZRC
603,qwark,Qwark,QWARK
604,payfair,Payfair,PFR
605,tracto,Tracto,TRCT
606,herocoin,HEROcoin,PLAY
607,sumokoin,Sumokoin,SUMO
608,bitcoin-white,Bitcoin White,BTW
609,internxt,Internxt,INXT
610,cryptoping,CryptoPing,PING
611,1337coin,Elite,1337
612,ebtcnew,eBitcoin,EBTC
613,digipulse,DigiPulse,DGPT
614,education-ecosystem,Education Ecosystem,LEDU
615,ip-exchange,IP Exchange,IPSX
616,vtorrent,vTorrent,VTR
617,sharex,ShareX,SEXC
618,campuscoin,CampusCoin,CMPCO
619,europecoin,EuropeCoin,ERC
620,terracoin,Terracoin,TRC
621,hush,Hush,HUSH
622,goldcoin,GoldCoin,GLD
623,blockpool,Blockpool,BPL
624,bitcoin-plus,Bitcoin Plus,XBC
625,hawala-today,Hawala.Today,HAT
626,sether,Sether,SETH
627,global-currency-reserve,Global Currency Reserve,GCR
628,vslice,vSlice,VSL
629,bezop,Bezop,BEZ
630,belacoin,Bela,BELA
631,creditbit,Creditbit,CRB
632,riecoin,Riecoin,RIC
633,veriumreserve,VeriumReserve,VRM
634,luckchain,LuckChain,BASH
635,hollywoodcoin,HollyWoodCoin,HWC
636,starbase,Starbase,STAR
637,monacocoin,Monoeci,XMCC
638,graft,Graft,GRFT
639,jiyo,Jiyo,JIYO
640,reftoken,RefToken,REF
641,bonpay,Bonpay,BON
642,zeitcoin,Zeitcoin,ZEIT
643,sharpe-platform-token,Sharpe Platform Token,SHP
644,nework,Nework,NKC
645,hyperstake,HyperStake,HYP
646,lampix,Lampix,PIX
647,upfiring,Upfiring,UFR
648,aigang,Aigang,AIX
649,tokenbox,Tokenbox,TBX
650,cannabiscoin,CannabisCoin,CANN
651,maverick-chain,Maverick Chain,MVC
652,buzzcoin,BuzzCoin,BUZZ
653,autonio,Autonio,NIO
654,zephyr,Zephyr,ZEPH
655,locicoin,LOCIcoin,LOCI
656,2give,2GIVE,2GIVE
657,experty,Experty,EXY
658,karbo,Karbo,KRB
659,vezt,Vezt,VZT
660,denarius-dnr,Denarius,DNR
661,1world,1World,1WO
662,breakout,Breakout,BRK
663,dether,Dether,DTH
664,jet8,JET8,J8T
665,quark,Quark,QRK
666,copytrack,COPYTRACK,CPY
667,sociall,Sociall,SCL
668,real,REAL,REAL
669,jesus-coin,Jesus Coin,JC
670,blitzcash,Blitzcash,BLITZ
671,kzcash,Kzcash,KZC
672,spreadcoin,SpreadCoin,SPR
673,verify,Verify,CRED
674,exrnchain,EXRNchain,EXRN
675,altcoin-alt,Altcoin,ALT
676,mywish,MyWish,WISH
677,yocoin,Yocoin,YOC
678,ethereum-movie-venture,Ethereum Movie Venture,EMV
679,trustplus,TrustPlus,TRUST
680,obsidian,Obsidian,ODN
681,crave,Crave,CRAVE
682,chaincoin,ChainCoin,CHC
683,eboostcoin,eBoost,EBST
684,sexcoin,Sexcoin,SXC
685,litedoge,LiteDoge,LDOGE
686,innova,Innova,INN
687,atlant,ATLANT,ATL
688,stipend,Stipend,SPD
689,audiocoin,AudioCoin,ADC
690,maxcoin,MaxCoin,MAX
691,sharechain,Sharechain,SSS
692,capricoin,Capricoin,CPC
693,social-send,Social Send,SEND
694,trezarcoin,TrezarCoin,TZC
695,darcrus,Darcrus,DAR
696,force,FORCE,FOR
697,teslacoin,TeslaCoin,TES
698,bitzeny,Bitzeny,ZNY
699,putincoin,PutinCoin,PUT
700,micromoney,MicroMoney,AMM
701,huntercoin,HunterCoin,HUC
702,global-cryptocurrency,Global Cryptocurrency,GCC
703,evergreencoin,EverGreenCoin,EGC
704,xgox,XGOX,XGOX
705,e-gulden,e-Gulden,EFL
706,chronologic,Chronologic,DAY
707,equitrader,EquiTrader,EQT
708,rupaya,Rupaya,RUPX
709,privatix,Privatix,PRIX
710,magi,Magi,XMG
711,magnet,Magnet,MAG
712,gcn-coin,GCN Coin,GCN
713,bitswift,Bitswift,SWIFT
714,flik,FLiK,FLIK
715,bitwhite,BitWhite,BTW
716,linx,Linx,LINX
717,mcap,MCAP,MCAP
718,bunnycoin,BunnyCoin,BUN
719,latiumx,LatiumX,LATX
720,regalcoin,Regalcoin,REC
721,speed-mining-service,Speed Mining Service,SMS
722,firstcoin,FirstCoin,FRST
723,thegcccoin,TheGCCcoin,GCC
724,qvolta,Qvolta,QVT
725,rupee,Rupee,RUP
726,coinlancer,Coinlancer,CL
727,creativecoin,Creativecoin,CREA
728,procurrency,ProCurrency,PROC
729,condensate,Condensate,RAIN
730,bullion,Bullion,CBX
731,ignition,Ignition,IC
732,indorse-token,Indorse Token,IND
733,kekcoin,KekCoin,KEK
734,inpay,InPay,INPAY
735,pylon-network,Pylon Network,PYLNT
736,biblepay,BiblePay,BBP
737,skincoin,SkinCoin,SKIN
738,blocklancer,Blocklancer,LNC
739,unbreakablecoin,UnbreakableCoin,UNB
740,digitalprice,DigitalPrice,DP
741,tidex-token,Tidex Token,TDX
742,bittokens,BitTokens,BXT
743,sagacoin,SagaCoin,SAGA
744,noblecoin,NobleCoin,NOBL
745,sense,Sense,SENSE
746,intensecoin,IntenseCoin,ITNS
747,ellaism,Ellaism,ELLA
748,oceanlab,Oceanlab,OCL
749,zero,Zero,ZER
750,miners-reward-token,Miners' Reward Token,MRT
751,drp-utility,DRP Utility,DRPU
752,footy-cash,Footy Cash,XFT
753,growers-international,Growers International,GRWI
754,zetacoin,Zetacoin,ZET
755,ongsocial,onG.social,ONG
756,interstellar-holdings,Interstellar Holdings,HOLD
757,wild-crypto,Wild Crypto,WILD
758,ethbits,Ethbits,ETBS
759,dfscoin,DFSCoin,DFS
760,adzcoin,Adzcoin,ADZ
761,worldcoin,WorldCoin,WDC
762,eltcoin,ELTCOIN,ELTCOIN
763,pluscoin,PlusCoin,PLC
764,woodcoin,Woodcoin,LOG
765,wandx,WandX,WAND
766,arcticcoin,ArcticCoin,ARC
767,canada-ecoin,Canada eCoin,CDN
768,incakoin,IncaKoin,NKA
769,cream,Cream,CRM
770,mazacoin,MAZA,MZC
771,pure,Pure,PURE
772,unitus,Unitus,UIS
773,authorship,Authorship,ATS
774,moin,Moin,MOIN
775,argentum,Argentum,ARG
776,student-coin,bitJob,STU
777,deuscoin,DeusCoin,DEUS
778,draftcoin,DraftCoin,DFT
779,unify,Unify,UNIFY
780,straks,STRAKS,STAK
781,greencoin,Greencoin,GRE
782,peepcoin,PeepCoin,PCN
783,kolion,Kolion,KLN
784,ace,Ace,ACE
785,commodity-ad-network,Commodity Ad Network,CDX
786,zennies,Zennies,ZENI
787,crowdcoin,CrowdCoin,CRC
788,netko,Netko,NETKO
789,platinumbar,PlatinumBAR,XPTX
790,bytecent,Bytecent,BYC
791,suretly,Suretly,SUR
792,legends-room,Legends Room,LGD
793,popularcoin,PopularCoin,POP
794,cryptocarbon,CryptoCarbon,CCRB
795,vivo,VIVO,VIVO
796,tigereum,Tigereum,TIG
797,digitalcoin,Digitalcoin,DGC
798,happycoin,Happycoin,HPC
799,soma,Soma,SCT
800,shekel,Shekel,JEW
801,netcoin,NetCoin,NET
802,iethereum,iEthereum,IETH
803,photon,Photon,PHO
804,fujicoin,FujiCoin,FJC
805,ethersportz,EtherSportz,ESZ
806,high-voltage,High Voltage,HVCO
807,op-coin,OP Coin,OPC
808,arbitragect,ArbitrageCT,ARCT
809,skeincoin,Skeincoin,SKC
810,megacoin,Megacoin,MEC
811,ganjacoin,GanjaCoin,MRJA
812,jetcoin,Jetcoin,JET
813,grantcoin,Manna,MANNA
814,billionaire-token,Billionaire Token,XBL
815,startcoin,Startcoin,START
816,bata,Bata,BTA
817,bitradio,Bitradio,BRO
818,equal,Equal,EQL
819,piggycoin,Piggycoin,PIGGY
820,guncoin,Guncoin,GUN
821,roulettetoken,RouletteToken,RLT
822,bitgem,Bitgem,BTG
823,kubera-coin,Kubera Coin,KBR
824,accelerator-network,Accelerator Network,ACC
825,intelligent-trading-tech,Intelligent Trading Tech,ITT
826,centurion,Centurion,CNT
827,bitcoin-scrypt,Bitcoin Scrypt,BTCS
828,elcoin-el,Elcoin,EL
829,tittiecoin,TittieCoin,TTC
830,manna,Manna,MANNA
831,minereum,Minereum,MNE
832,ethereumcash,Ethereum Cash,ECASH
833,bitdeal,Bitdeal,BDL
834,dashcoin,Dashcoin,DSH
835,mojocoin,MojoCoin,MOJO
836,cryptonite,Cryptonite,XCN
837,tekcoin,TEKcoin,TEK
838,erc20,ERC20,ERC20
839,bitair,Bitair,BTCA
840,whalecoin,WhaleCoin,WHL
841,copico,Copico,XCPO
842,tattoocoin,Tattoocoin (Standard Edition),TSE
843,motocoin,Motocoin,MOTO
844,digital-developers-fund,DigitalDevelopersFund,DDF
845,rimbit,Rimbit,RBT
846,galactrum,Galactrum,ORE
847,qbic,Qbic,QBIC
848,aquariuscoin,AquariusCoin,ARCO
849,garlicoin,Garlicoin,GRLC
850,litecoin-plus,Litecoin Plus,LCP
851,kushcoin,KushCoin,KUSH
852,philosopher-stones,Philosopher Stones,PHS
853,daxxcoin,DaxxCoin,DAXX
854,onix,Onix,ONX
855,nexxus,Nexxus,NXX
856,ammo-rewards,Ammo Reloaded,AMMO
857,ethereum-gold,Ethereum Gold,ETG
858,crystal-clear,Crystal Clear ,CCT
859,cryptojacks,Cryptojacks,CJ
860,bitcoinfast,Bitcoin Fast,BCF
861,glasscoin,GlassCoin,GLS
862,trumpcoin,TrumpCoin,TRUMP
863,sugar-exchange,Sugar Exchange,SGR
864,aerium,Aerium,AERM
865,steneum-coin,Steneum Coin,STN
866,coinonatx,CoinonatX,XCXT
867,nevacoin,NevaCoin,NEVA
868,helleniccoin,Helleniccoin,HNC
869,cartaxi-token,CarTaxi Token,CTX
870,speedcash,Speedcash,SCS
871,8bit,8Bit,8BIT
872,tokyo,TOKYO,TOKC
873,pakcoin,Pakcoin,PAK
874,zcash-gold,Zlancer,ZCG
875,mineum,Mineum,MNM
876,hicoin,HiCoin,XHI
877,blakecoin,Blakecoin,BLC
878,parkbyte,ParkByte,PKB
879,islacoin,IslaCoin,ISL
880,macron,MACRON,MCRN
881,atomic-coin,Atomic Coin,ATOM
882,globaltoken,GlobalToken,GLT
883,darsek,Darsek,KED
884,zozocoin,ZoZoCoin,ZZC
885,theresa-may-coin,Theresa May Coin,MAY
886,irishcoin,IrishCoin,IRL
887,swing,Swing,SWING
888,allsafe,AllSafe,ASAFE2
889,stronghands,StrongHands,SHND
890,808coin,808Coin,808
891,desire,Desire,DSR
892,octocoin,OctoCoin,888
893,ethereum-dark,Ethereum Dark,ETHD
894,mustangcoin,MustangCoin,MST
895,c-bit,C-Bit,XCT
896,gpu-coin,GPU Coin,GPU
897,brat,BROTHER,BRAT
898,enigma,Enigma,XNG
899,abjcoin,Abjcoin,ABJ
900,eot-token,EOT Token,EOT
901,litebitcoin,LiteBitcoin,LBTC
902,digital-rupees,Digital Rupees,DRS
903,vaperscoin,VapersCoin,VPRC
904,homeblockcoin,HomeBlockCoin,HBC
905,trident,Trident Group,TRDT
906,elacoin,Elacoin,ELC
907,yenten,YENTEN,YTN
908,bitcoal,BitCoal,COAL
909,cabbage,Cabbage,CAB
910,zetamicron,ZetaMicron,ZMC
911,cachecoin,CacheCoin,CACH
912,comet,Comet,CMT
913,bolenum,Bolenum,BLN
914,luna-coin,Luna Coin,LUNA
915,master-swiscoin,Master Swiscoin,MSCN
916,arbit,ARbit,ARB
917,royal-kingdom-coin,Royal Kingdom Coin,RKC
918,veros,Veros,VRS
919,women,WomenCoin,WOMEN
920,madcoin,Madcoin,MDC
921,coupecoin,Coupecoin,COUPE
922,project-x,Project-X,NANOX
923,ulatech,Ulatech,ULA
924,harmonycoin-hmc,HarmonyCoin,HMC
925,tristar-coin,Tristar Coin,TSTR
926,poly-ai,POLY AI,AI
927,digital-money-bits,Digital Money Bits,DMB
928,cobinhood,Cobinhood,COB
929,maecenas,Maecenas,ART
930,bitshares-music,MUSE,MUSE
931,hedge,Hedge,HDG
932,swarm-fund,Swarm,SWM
933,nvo,NVO,NVST
934,rise,Rise,RISE
935,bitqy,bitqy,BQ
936,ecobit,Ecobit,ECOB
937,pluton,Pluton,PLU
938,e-coin,E-coin,ECN
939,kilocoin,KiloCoin,KLC
940,asiacoin,AsiaCoin,AC
941,tiesdb,Ties.DB,TIE
942,vcash,Vcash,XVC
943,atmos,Atmos,ATMS
944,neutron,Neutron,NTRN
945,encryptotel,EncryptoTel [WAVES],ETT
946,agoras-tokens,Agoras Tokens,AGRS
947,starta,Starta,STA
948,dao-casino,DAO.Casino,BET
949,xenon,Xenon,XNN
950,dovu,Dovu,DOVU
951,cryptopay,Cryptopay,CPAY
952,mercury-protocol,Mercury Protocol,GMT
953,russiacoin,RussiaCoin,RC
954,dnotes,DNotes,NOTE
955,yashcoin,YashCoin,YASH
956,ixcoin,Ixcoin,IXC
957,vsync-vsx,Vsync,VSX
958,bowhead,Bowhead,AHT
959,carboncoin,Carboncoin,CARBON
960,masternodecoin,Masternodecoin,MTNC
961,ergo,Ergo,EFYT
962,unity-ingot,Unity Ingot,UNY
963,giga-watt-token,Giga Watt Token,WTT
964,bluecoin,BlueCoin,BLU
965,prospectors-gold,Prospectors Gold,PGL
966,goodomy,Goodomy,GOOD
967,bitboost,BitBoost,BBT
968,anoncoin,Anoncoin,ANC
969,martexcoin,MarteXcoin,MXT
970,cryptogenic-bullion,Crypto Bullion,CBX
971,nushares,NuShares,NSR
972,real-estate-tokens,REX,REX
973,flypme,FlypMe,FYP
974,triaconta,Triaconta,TRIA
975,leafcoin,LeafCoin,LEAF
976,inflationcoin,InflationCoin,IFLT
977,smileycoin,SmileyCoin,SMLY
978,shorty,Shorty,SHORTY
979,neverdie,NEVERDIE,NDC
980,aurumcoin,AurumCoin,AU
981,jinn,Jinn,JINN
982,global-jobcoin,Global Jobcoin,GJC
983,orbitcoin,Orbitcoin,ORB
984,the-cypherfunks,The Cypherfunks,FUNK
985,bcap,BCAP,BCAP
986,fundyourselfnow,FundYourselfNow,FYN
987,supercoin,SuperCoin,SUPER
988,version,Version,V
989,universe,Universe,UNI
990,starcredits,StarCredits,STRC
991,fluttercoin,FlutterCoin,FLT
992,metalcoin,MetalCoin,METAL
993,42-coin,42-coin,42
994,petrodollar,PetroDollar,XPD
995,embers,Embers,MBRS
996,sovereign-hero,Sovereign Hero,HERO
997,insanecoin-insn,InsaneCoin,INSN
998,magiccoin,MagicCoin,MAGE
999,etheriya,Etheriya,RIYA
1000,project-decorum,Project Decorum,PDC
1001,fantomcoin,Fantomcoin,FCN
1002,smartbillions,SmartBillions,SMART
1003,shadowcash,ShadowCash,SDC
1004,hitcoin,HitCoin,HTC
1005,fastcoin,Fastcoin,FST
1006,ico-openledger,ICO OpenLedger,ICOO
1007,fucktoken,FuckToken,FUCK
1008,renos,Renos,RNS
1009,adelphoi,Adelphoi,ADL
1010,kobocoin,Kobocoin,KOBO
1011,gimli,Gimli,GIM
1012,britcoin,BritCoin,BRIT
1013,unicoin,UniCoin,UNIC
1014,nimfamoney,Nimfamoney,NIMFA
1015,dinastycoin,Dinastycoin,DCY
1016,i0coin,I0Coin,I0C
1017,bitpark-coin,Bitpark Coin,BPC
1018,hobonickels,HoboNickels,HBN
1019,monster-byte,Monster Byte,MBI
1020,emphy,Emphy,EPY
1021,ultimate-secure-cash,Ultimate Secure Cash,USC
1022,cashcoin,Cashcoin,CASH
1023,deutsche-emark,Deutsche eMark,DEM
1024,trollcoin,Trollcoin,TROLL
1025,smart-investment-fund-token,Smart Investment Fund Token,SIFT
1026,btctalkcoin,BTCtalkcoin,TALK
1027,bitstar,Bitstar,BITS
1028,qubitcoin,QubitCoin,Q2C
1029,rasputin-online-coin,Rasputin Online Coin,ROC
1030,triangles,Triangles,TRI
1031,ethbet,EthBet,EBET
1032,goldblocks,GoldBlocks,GB
1033,bitbar,BitBar,BTB
1034,grimcoin,Grimcoin,GRIM
1035,bitsilver,bitSilver,BITSILVER
1036,machinecoin,Machinecoin,MAC
1037,colossuscoin-v2,Colossuscoin V2,CV2
1038,elementrem,Elementrem,ELE
1039,purevidz,PureVidz,VIDZ
1040,bit20,Bit20,BTWTY
1041,janus,Janus,JNS
1042,valorbit,Valorbit,VAL
1043,bitbtc,bitBTC,BITBTC
1044,fuelcoin,FuelCoin,FC2
1045,blazecoin,BlazeCoin,BLZ
1046,rustbits,Rustbits,RUSTBITS
1047,phoenixcoin,Phoenixcoin,PXC
1048,opal,Opal,OPAL
1049,iticoin,iTicoin,ITI
1050,slimcoin,Slimcoin,SLM
1051,lendconnect,LendConnect,LCT
1052,bitcurrency,Bitcurrency,BTCR
1053,ultracoin,UltraCoin,UTC
1054,swagbucks,SwagBucks,BUCKS
1055,smartcoin,SmartCoin,SMC
1056,hodlcoin,HOdlcoin,HODL
1057,nyancoin,Nyancoin,NYAN
1058,fimkrypto,FIMKrypto,FIMK
1059,ambercoin,AmberCoin,AMBER
1060,lanacoin,LanaCoin,LANA
1061,leviarcoin,LeviarCoin,XLC
1062,aricoin,Aricoin,ARI
1063,flycoin,Flycoin,FLY
1064,halcyon,Halcyon,HAL
1065,golfcoin,Golfcoin,GOLF
1066,digicube,DigiCube,CUBE
1067,mao-zedong,Mao Zedong,MAO
1068,joulecoin,Joulecoin,XJO
1069,gaia,GAIA,GAIA
1070,visio,Visio,VISIO
1071,cypher,Cypher,CYP
1072,ebitcoin-cash,eBitcoinCash,EBCH
1073,droxne,DROXNE,DRXNE
1074,kurrent,Kurrent,KURT
1075,bitcoin-red,Bitcoin Red,BTCRED
1076,scorecoin,Scorecoin,SCORE
1077,wavesgo,WavesGo,WGO
1078,coin,Coin(O),CNO
1079,wayguide,WayGuide,WAY
1080,satoshimadness,SatoshiMadness,MAD
1081,bitz,Bitz,BITZ
1082,sterlingcoin,Sterlingcoin,SLG
1083,tagcoin,TagCoin,TAG
1084,bitgold,bitGold,BITGOLD
1085,bigup,BigUp,BIGUP
1086,signatum,Signatum,SIGT
1087,postcoin,PostCoin,POST
1088,chesscoin,ChessCoin,CHESS
1089,yellow-token,Yellow Token,YEL
1090,eternity,Eternity,ENT
1091,px,PX,PX
1092,btsr,BTSR,BTSR
1093,titcoin,Titcoin,TIT
1094,datacoin,Datacoin,DTC
1095,securecoin,SecureCoin,SRC
1096,ereal,eREAL,EREAL
1097,cannacoin,CannaCoin,CCN
1098,goldreserve,GoldReserve,XGR
1099,chronos,Chronos,CRX
1100,quebecoin,Quebecoin,QBC
1101,octanox,Octanox,OTX
1102,cryptoforecast,CryptoForecast,CFT
1103,icoin,iCoin,ICN
1104,tigercoin,Tigercoin,TGC
1105,sacoin,SACoin,SAC
1106,berncash,BERNcash,BERN
1107,blockpay,BlockPay,BLOCKPAY
1108,shadow-token,Shadow Token,SHDW
1109,briacoin,BriaCoin,BRIA
1110,bolivarcoin,Bolivarcoin,BOLI
1111,freicoin,Freicoin,FRC
1112,truckcoin,Truckcoin,TRK
1113,marscoin,Marscoin,MARS
1114,adcoin,AdCoin,ACC
1115,dix-asset,Dix Asset,DIX
1116,nekonium,Nekonium,NUKO
1117,link-platform,Link Platform,LNK
1118,paycoin2,PayCoin,XPY
1119,prototanium,Prototanium,PR
1120,300-token,300 Token,300
1121,evil-coin,Evil Coin,EVIL
1122,gapcoin,Gapcoin,GAP
1123,gameunits,GameUnits,UNITS
1124,globalcoin,GlobalCoin,GLC
1125,sproutsextreme,SproutsExtreme,SPEX
1126,trackr,CryptoInsight,TKR
1127,emerald,Emerald Crypto,EMD
1128,ccore,Ccore,CCO
1129,ethgas,ETHGAS,EGAS
1130,ammo-reloaded,Ammo Reloaded,AMMO
1131,fujinto,Fujinto,NTO
1132,virtacoin,Virtacoin,VTA
1133,rubies,Rubies,RBIES
1134,confido,Confido,CFD
1135,ratecoin,Ratecoin,XRA
1136,impact,Impact,IMX
1137,xios,Xios,XIOS
1138,newbium,Newbium,NEWB
1139,phantomx,Phantomx,PNX
1140,revolvercoin,RevolverCoin,XRE
1141,litebar,LiteBar,LTB
1142,influxcoin,Influxcoin,INFX
1143,spacecoin,SpaceCoin,SPACE
1144,kayicoin,Kayicoin,KAYI
1145,redcoin,RedCoin,RED
1146,ecocoin,EcoCoin,ECO
1147,senderon,Senderon,SDRN
1148,tokugawa,Tokugawa,TOK
1149,leacoin,LeaCoin,LEA
1150,coin2-1,Coin2.1,C2
1151,zurcoin,Zurcoin,ZUR
1152,catcoin,Catcoin,CAT
1153,biteur,bitEUR,BITEUR
1154,virtualcoin,VirtualCoin,VC
1155,amsterdamcoin,AmsterdamCoin,AMS
1156,advanced-internet-blocks,Advanced Internet Blocks,AIB
1157,independent-money-system,Independent Money System,IMS
1158,prime-xi,Prime-XI,PXI
1159,global-tour-coin,Global Tour Coin,GTC
1160,votecoin,VoteCoin,VOT
1161,idice,iDice,ICE
1162,bankcoin,Bankcoin,B@
1163,secretcoin,SecretCoin,SCRT
1164,ronpaulcoin,RonPaulCoin,RPC
1165,yacoin,Yacoin,YAC
1166,jin-coin,Jin Coin,JIN
1167,icobid,ICOBID,ICOB
1168,corethum,Corethum,CRTM
1169,dollarcoin,Dollarcoin,DLC
1170,pascal-lite,Pascal Lite,PASL
1171,chancoin,ChanCoin,CHAN
1172,parallelcoin,ParallelCoin,DUO
1173,firecoin,Firecoin,FIRE
1174,sativacoin,Sativacoin,STV
1175,pioneer-coin,Pioneer Coin,PCOIN
1176,boostcoin,BoostCoin,BOST
1177,virtacoinplus,Virtacoinplus,XVP
1178,sixeleven,SixEleven,611
1179,globalboost-y,GlobalBoost-Y,BSTY
1180,tajcoin,TajCoin,TAJ
1181,dalecoin,Dalecoin,DALC
1182,honey,Honey,HONEY
1183,bitquark,BitQuark,BTQ
1184,quatloo,Quatloo,QTL
1185,evotion,Evotion,EVO
1186,network-token,Network Token,NTWK
1187,bumbacoin,BumbaCoin,BUMBA
1188,eurocoin,Eurocoin,EUC
1189,guccionecoin,GuccioneCoin,GCC
1190,reecoin,ReeCoin,REE
1191,sooncoin,SoonCoin,SOON
1192,franko,Franko,FRK
1193,creatio,Creatio,XCRE
1194,polcoin,Polcoin,PLC
1195,acoin,Acoin,ACOIN
1196,bitcoin-planet,Bitcoin Planet,BTPL
1197,hempcoin-hmp,HempCoin,HMP
1198,paycon,PayCon,CON
1199,funcoin,FUNCoin,FUNC
1200,bitcoin-21,Bitcoin 21,XBTC21
1201,veltor,Veltor,VLT
1202,cybcsec,CybCSec,XCS
1203,fuzzballs,FuzzBalls,FUZZ
1204,money,Money,$$$
1205,mincoin,Mincoin,MNC
1206,joincoin,Joincoin,J
1207,guess,Peerguess,GUESS
1208,virta-unique-coin,Virta Unique Coin,VUC
1209,bnrtxcoin,BnrtxCoin,BNX
1210,ride-my-car,Ride My Car,RIDE
1211,allion,Allion,ALL
1212,californium,Californium,CF
1213,asiadigicoin,Asiadigicoin,ADCN
1214,eryllium,Eryllium,ERY
1215,goldpieces,GoldPieces,GP
1216,warp,WARP,WARP
1217,antibitcoin,AntiBitcoin,ANTI
1218,flaxscript,Flaxscript,FLAX
1219,roofs,Roofs,ROOFS
1220,postoken,PoSToken,POS
1221,fincoin,FinCoin,FNC
1222,bitasean,BitAsean,BAS
1223,neuro,Neuro,NRO
1224,soilcoin,SOILcoin,SOIL
1225,benjirolls,BenjiRolls,BENJI
1226,applecoin-apw,AppleCoin,APW
1227,coinonat,Coinonat,CXT
1228,billarycoin,BillaryCoin,BLRY
1229,debitcoin,Debitcoin,DBTC
1230,spots,Spots,SPT
1231,x-coin,X-Coin,XCO
1232,compucoin,CompuCoin,CPN
1233,bipcoin,BipCoin,BIP
1234,cannation,Cannation,CNNC
1235,marijuanacoin,Marijuanacoin,MAR
1236,sojourn,Sojourn,SOJ
1237,iconic,Iconic,ICON
1238,metal-music-coin,Metal Music Coin,MTLMC3
1239,shilling,Shilling,SH
1240,beatcoin,Beatcoin,XBTS
1241,gold-pressed-latinum,Gold Pressed Latinum,GPL
1242,bitcedi,Bitcedi,BXC
1243,zayedcoin,Zayedcoin,ZYD
1244,uro,Uro,URO
1245,cryptoescudo,CryptoEscudo,CESC
1246,quazarcoin,QuazarCoin,QCN
1247,printerium,Printerium,PRX
1248,artex-coin,Artex Coin,ATX
1249,songcoin,SongCoin,SONG
1250,dappster,DAPPSTER,DLISK
1251,healthywormcoin,HealthyWormCoin,WORM
1252,litecred,Litecred,LTCR
1253,starcash-network,StarCash Network,STARS
1254,useless-ethereum-token,Useless Ethereum Token,UET
1255,solarflarecoin,Solarflarecoin,SFC
1256,bowscoin,BowsCoin,BSC
1257,blackstar,Blackstar,BSTAR
1258,kronecoin,Kronecoin,KRONE
1259,eaglecoin,EagleCoin,EAGLE
1260,mindcoin,MindCoin,MND
1261,crypto,Crypto,CTO
1262,ponzicoin,PonziCoin,PONZI
1263,javascript-token,JavaScript Token,JS
1264,interzone,Interzone,ITZ
1265,vip-tokens,VIP Tokens,VIP
1266,pulse,Pulse,PULSE
1267,jewels,Jewels,JWL
1268,cryptoworldx-token,CryptoWorldX Token,CWXT
1269,kingn-coin,KingN Coin,KNC
1270,dreamcoin,Dreamcoin,DRM
1271,exchangen,ExchangeN,EXN
1272,slevin,Slevin,SLEVIN
1273,bios-crypto,BiosCrypto,BIOS
1274,coexistcoin,CoExistCoin,COXST
1275,milocoin,MiloCoin,MILO
1276,agrolifecoin,AgrolifeCoin,AGLC
1277,tagrcoin,TAGRcoin,TAGR
1278,vector,VectorAI,VEC2
1279,ripto-bux,Ripto Bux,RBX
1280,piecoin,PIECoin,PIE
1281,doubloon,BOAT,BOAT
1282,litecoin-ultra,LiteCoin Ultra,LTCU
1283,letitride,LetItRide,LIR
1284,unrealcoin,Unrealcoin,URC
1285,cthulhu-offerings,Cthulhu Offerings,OFF
1286,remicoin,Remicoin,RMC
1287,steps,Steps,STEPS
1288,ego,EGO,EGO
1289,playercoin,PlayerCoin,PLACO
1290,health-mutual-society,Hi Mutual Society,HMC
1291,gbcgoldcoin,GBCGoldCoin,GBC
1292,destiny,Destiny,DES
1293,geertcoin,GeertCoin,GEERT
1294,zonecoin,Zonecoin,ZNE
1295,crtcoin,CRTCoin,CRT
1296,genstake,G3N,G3N
1297,dollar-online,Dollar Online,DOLLAR
1298,orlycoin,Orlycoin,ORLY
1299,impulsecoin,ImpulseCoin,IMPS
1300,torcoin-tor,Torcoin,TOR
1301,plncoin,PLNcoin,PLNC
1302,anarchistsprime,AnarchistsPrime,ACP
1303,jobscoin,JobsCoin,JOBS
1304,altcommunity-coin,SONO,ALTCOM
1305,red-mwat,RED MWAT,MWAT
1306,wild-beast-block,Wild Beast Block,WBB
1307,braincoin,Braincoin,BRAIN
1308,osmiumcoin,OsmiumCoin,OS76
1309,save-and-gain,Save and Gain,SANDG
1310,credence-coin,Credence Coin,CRDNC
1311,posex,PosEx,PEX
1312,rsgpcoin,RSGPcoin,RSGP
1313,bitvolt,Bitvolt,VOLT
1314,sydpak,SydPak,SDP
1315,ibank,iBank,IBANK
1316,prcoin,PRCoin,PRC
1317,rawcoin2,Rawcoin,XRC
1318,coimatic-3,Coimatic 3.0,CTIC3
1319,biobar,BioBar,BIOB
1320,argus,Argus,ARGUS
1321,elysium,Elysium,ELS
1322,socialcoin-socc,SocialCoin,SOCC
1323,nodecoin,NodeCoin,NODC
1324,p7coin,P7Coin,P7C
1325,crevacoin,CrevaCoin,CREVA
1326,selfiecoin,Selfiecoin,SLFI
1327,geysercoin,GeyserCoin,GSR
1328,vault-coin,Vault Coin,VLTC
1329,concoin,Concoin,CONX
1330,xonecoin,Xonecoin,XOC
1331,coimatic-2,Coimatic 2.0,CTIC2
1332,magnum,Magnum,MGM
1333,levoplus,LevoPlus,LVPS
1334,digital-credits,Digital Credits,DGCS
1335,caliphcoin,CaliphCoin,CALC
1336,futurexe,FuturXe,FXE
1337,pizzacoin,PizzaCoin,PIZZA
1338,ebittree-coin,Ebittree Coin,EBT
1339,ccminer,CCMiner,CCM100
1340,antilitecoin,Antilitecoin,ALTC
1341,huobi-token,Huobi Token,HT
1342,wanchain,Wanchain,WAN
1343,atmcoin,ATMCoin,ATMC
1344,educare,EDUCare,EKT
1345,dragon-coins,Dragon Coins,DRG
1346,topchain,TopChain,TOPC
1347,oceanchain,OceanChain,OC
1348,waykichain,WaykiChain,WIC
1349,acute-angle-cloud,Acute Angle Cloud,AAC
1350,nanjcoin,NANJCOIN,NANJ
1351,tychocoin,Tychocoin,TYCHO
1352,weth,WETH,WETH
1353,chatcoin,ChatCoin,CHAT
1354,ugchain,ugChain,UGC
1355,abncoin,Abncoin,ABN
1356,noah-coin,Noah Coin,NOAH
1357,aware,AWARE,AWR
1358,electronic-pk-chain,Electronic PK Chain,EPC
1359,win-coin,WINCOIN,WC
1360,starchain,StarChain,STC
1361,amlt,AMLT Token,AMLT
1362,dibcoin,DIBCOIN,DIBC
1363,molecular-future,Molecular Future,MOF
1364,realchain,RealChain,RCT
1365,octoin-coin,Octoin Coin,OCC
1366,mixin,Mixin,XIN
1367,kcash,Kcash,KCASH
1368,bitrent,BitRent,RNTB
1369,ofcoin,OFCOIN,OF
1370,tezos,Tezos (Pre-Launch),XTZ
1371,bnktothefuture,BnkToTheFuture,BFT
1372,fargocoin,Fargocoin,FRGC
1373,lightning-bitcoin,Lightning Bitcoin [Futures],LBTC
1374,rentberry,Rentberry,BERRY
1375,fairgame,FairGame,FAIR
1376,selfsell,SelfSell,SSC
1377,w3coin,W3Coin,W3C
1378,aidos-kuneen,Aidos Kuneen,ADK
1379,content-and-ad-network,Content and AD Network,CAN
1380,neurotoken,Neurotoken,NTK
1381,lightchain,LightChain,LIGHT
1382,show,Show,SHOW
1383,bitcoin-private,Bitcoin Private,BTCP
1384,united-bitcoin,United Bitcoin,UBTC
1385,stockchain,StockChain,SCC
1386,ug-token,UG Token,UGT
1387,tokenpay,TokenPay,TPAY
1388,maggie,Maggie,MAG
1389,valuechain,ValueChain,VLC
1390,iquant,iQuant,IQT
1391,vice-industry-token,Vice Industry Token,VIT
1392,tokenomy,Tokenomy,TEN
1393,titanium-bar,Titanium BAR,TBAR
1394,filecoin,Filecoin [Futures],FIL
1395,embercoin,EmberCoin,EMB
1396,animation-vision-cash,Animation Vision Cash,AVH
1397,bigone-token,BigONE Token,BIG
1398,investdigital,InvestDigital,IDT
1399,paccoin,PACcoin,$PAC
1400,qube,Qube,QUBE
1401,bitstation,BitStation,BSTN
1402,super-bitcoin,Super Bitcoin,SBTC
1403,segwit2x,SegWit2x,B2X
1404,bitcoinx,BitcoinX,BCX
1405,litecoin-cash,Litecoin Cash,LCC
1406,strikebitclub,StrikeBitClub,SBC
1407,switcheo,Switcheo,SWH
1408,etherecash,Etherecash,ECH
1409,sharpe-capital,Sharpe Capital,SHP
1410,infinity-economics,Infinity Economics,XIN
1411,friends,Friendz,FDZ
1412,comsa-eth,COMSA [ETH],CMS
1413,ipchain,IPChain,IPC
1414,pressone,PressOne,PRS
1415,moac,MOAC,MOAC
1416,sphre-air,Sphre AIR ,XID
1417,bee-token,Bee Token,BEE
1418,jingtum-tech,Jingtum Tech,SWTC
1419,msd,MSD,MSD
1420,turbocoin,TurboCoin,TURBO
1421,halalchain,HalalChain,HLC
1422,mergecoin,MergeCoin,MGC
1423,gems-protocol,Gems ,GEM
1424,comsa-xem,COMSA [XEM],CMS
1425,antimatter,Antimatter,ANTX
1426,unlimitedip,UnlimitedIP,UIP
1427,read,Read,READ
1428,candy,Candy,CANDY
1429,blockcdn,BlockCDN,BCDN
1430,ea-coin,EA Coin,EAG
1431,mktcoin,MktCoin,MLM
1432,idex-membership,IDEX Membership,IDXM
1433,napoleonx,NaPoleonX,NPX
1434,levocoin,Levocoin,LEVO
1435,bitcoin-god,Bitcoin God,GOD
1436,golos-gold,Golos Gold,GBG
1437,zengold,ZenGold,ZENGOLD
1438,fluz-fluz,Fluz Fluz,FLUZ
1439,hirematch,HireMatch,HIRE
1440,consensus,Consensus,SEN
1441,cfun,CFun,CFUN
1442,hoqu,HOQU,HQX
1443,safecoin,SafeCoin,SFE
1444,entcash,ENTCash,ENT
1445,etherdelta-token,EtherDelta Token,EDT
1446,gamechain,GameChain System,GCS
1447,signal-token,Signal Token,SIG
1448,gladius-token,Gladius Token,GLA
1449,bitsoar,BitSoar,BSR
1450,swisscoin,Swisscoin,SIC
1451,datx,DATx,DATX
1452,t-coin,T-coin,TCOIN
1453,lendroid-support-token,Lendroid Support Token,LST
1454,wa-space,WA Space,WA
1455,cryptopiafeeshares,CryptopiaFeeShares,CEFS
1456,hodl-bucks,HODL Bucks,HDLB
1457,tattoocoin-limited,Tattoocoin (Limited Edition),TLE
1458,escoro,Escroco,ESC
1459,peculium,Peculium,PCL
1460,alphabitcoinfund,Alphabit,ABC
1461,titanium-blockchain,Titanium Blockchain,BAR
1462,vulcano,Vulcano,VULC
1463,first-bitcoin-capital,First Bitcoin Capital,BITCF
1464,bitbase,Bitbase,BTBc
1465,macro1,Macro,MCR
1466,stex,STEX,STEX
1467,bastonet,Bastonet,BSN
1468,cloud,Cloud,CLD
1469,runners,Runners,RUNNERS
1470,davorcoin,DavorCoin,DAV
1471,acchain,ACChain,ACC
1472,hyper-pay,Hyper Pay,HPY
1473,royalties,Royalties,XRY
1474,plexcoin,PlexCoin,PLX
1475,uttoken,United Traders Token,UTT
1476,techshares,TechShares,THS
1477,terranova,TerraNova,TER
1478,internet-of-things,Internet of Things,XOT
1479,president-johnson,President Johnson,GARY
1480,teslacoilcoin,TeslaCoilCoin,TESLA
1481,president-trump,President Trump,PRES
1482,xde-ii,XDE II,XDE2
1483,animecoin,Animecoin,ANI
1484,indicoin,Indicoin,INDI
1485,cubits,Cubits,QBT
1486,numus,Numus,NMS
1487,btcmoon,BTCMoon,BTCM
1488,bt2-cst,BT2 [CST],BT2
1489,quotient,Quotient,XQN
1490,slothcoin,Slothcoin,SLOTH
1491,avatarcoin,AvatarCoin,AV
1492,swaptoken,SwapToken,TOKEN
1493,safe-trade-coin,Safe Trade Coin,XSTC
1494,numuscash,NumusCash,NUMUS
1495,flappycoin,FlappyCoin,FLAP
1496,sparks,Sparks,SPK
1497,bubble,Bubble,BUB
1498,halloween-coin,Halloween Coin,HALLO
1499,harvest-masternode-coin,Harvest Masternode Coin,HC
1500,sand-coin,Sand Coin,SND
1501,namocoin,NamoCoin,NAMO
1502,sisa,SISA,SISA
1503,gold-reward-token,GOLD Reward Token,GRX
1504,ox-fina,OX Fina,OX
1505,betacoin,BetaCoin,BET
1506,vpncoin,VPNCoin,VASH
1507,compcoin,Compcoin,CMP
1508,xtd-coin,XTD Coin,XTD
1509,superior-coin,Superior Coin,SUP
1510,cashme,Cashme,CME
1511,universalroyalcoin,UniversalRoyalCoin,UNRC
1512,bestchain,BestChain,BEST
1513,linkedcoin,LinkedCoin,LKC
1514,sakuracoin,Sakuracoin,SKR
1515,wearesatoshi,WeAreSatoshi,WSX
1516,smoke,Smoke,SMOKE
1517,dynamiccoin,DynamicCoin,DMC
1518,shacoin,SHACoin,SHA
1519,fapcoin,FAPcoin,FAP
1520,marxcoin,MarxCoin,MARX
1521,clubcoin,ClubCoin,CLUB
1522,grandcoin,GrandCoin,GDC
1523,sjwcoin,SJWCoin,SJW
1524,rupaya-old,Rupaya [OLD],RUPX
1525,startercoin,StarterCoin,STAC
1526,zsecoin,ZSEcoin,ZSE
1527,rabbitcoin,RabbitCoin,RBBT
1528,aces,Aces,ACES
1529,htmlcoin,HTML5COIN,HTML5
1530,storjcoin-x,Storjcoin X,SJCX
1531,blazercoin,BlazerCoin,BLAZR
1532,qora,Qora,QORA
1533,nitro,Nitro,NOX
1534,avoncoin,Avoncoin,ACN
1535,wi-coin,Wi Coin,WIC
1536,francs,Francs,FRN
1537,bitfid,BITFID,FID
1538,blitzpredict,BlitzPredict,XBP
1539,corion,CORION,COR
1540,international-diamond,International Diamond,XID
1541,topaz,Topaz Coin,TOPAZ
1542,donationcoin,Donationcoin,DON
1543,fazzcoin,Fazzcoin,FAZZ
1544,cybercoin,CyberCoin,CC
1545,edrcoin,EDRCoin,EDRC
1546,zilbercoin,Zilbercoin,ZBC
1547,cyder,Cyder,CYDER
1548,coffeecoin,CoffeeCoin,CFC
1549,akuya-coin,Akuya Coin,AKY
1550,first-bitcoin,First Bitcoin,BIT
1551,topcoin,TopCoin,TOP
1552,aseancoin,Aseancoin,ASN
1553,ethereum-lite,Ethereum Lite,ELITE
1554,encryptotel-eth,EncryptoTel [ETH],ETT
1555,batcoin,BatCoin,BAT
1556,hyper,Hyper,HYPER
1557,moneycoin,MoneyCoin,MONEY
1558,high-gain,High Gain,HIGH
1559,cryptcoin,CryptCoin,CRYPT
1560,protean,Protean,PRN
1561,regacoin,Regacoin,REGA
1562,deltacredits,DeltaCredits,DCRE
1563,moneta2,Moneta,MONETA
1564,gaycoin,GAY Money,GAY
1565,fireflycoin,FireFlyCoin,FFC
1566,rcoin,Rcoin,RCN
1567,granitecoin,Granite,GRN
1568,netbit,netBit,NBIT
1569,sharkcoin,Sharkcoin,SAK
1570,dutch-coin,Dutch Coin,DUTCH
1571,royalcoin,RoyalCoin,ROYAL
1572,lepen,LePen,LEPEN
1573,klondikecoin,KlondikeCoin,KDC
1574,bitserial,BitSerial,BTE
1575,digital-bullion-gold,Digital Bullion Gold,DBG
1576,dashs,Dashs,DASHS
1577,neo-gold,NEO GOLD,NEOG
1578,uncoin,UNCoin,UNC
1579,magnetcoin,Magnetcoin,MAGN
1580,pabyosi-coin-special,Pabyosi Coin (Special),PCS
1581,anryze,ANRYZE,RYZ
1582,mobilecash,MobileCash,MBL
1583,axiom,Axiom,AXIOM
1584,minex,Minex,MINEX
1585,ur,UR,UR
1586,eggcoin,EggCoin,EGG
1587,omicron,Omicron,OMC
1588,tellurion,Tellurion,TELL
1589,prismchain,PrismChain,PRM
1590,fonziecoin,Fonziecoin,FONZ
1591,bitok,Bitok,BITOK
1592,rublebit,RubleBit,RUBIT
1593,bitcoin-lightning,Bitcoin Lightning,BLT
1594,futcoin,FutCoin,FUTC
1595,peacecoin,Peacecoin,PEC
1596,happy-creator-coin,Happy Creator Coin,HCC
1597,paypeer,PayPeer,PAYP
1598,teracoin,TeraCoin,TERA
1599,utacoin,UtaCoin,UTA
1600,kashhcoin,KashhCoin,KASHH
1601,birds,Birds,BIRDS
1602,yescoin,Yescoin,YES
1603,peoplecoin,PeopleCoin,MEN
1604,alpacoin,AlpaCoin,APC
1605,blockchain-index,Blockchain Index,BLX
1606,wink,Wink,WINK
1607,facecoin,Facecoin,FC
1608,eltc,eLTC,ELTC2
1609,ugain,UGAIN,GAIN
1610,richcoin,RichCoin,RICHX
1611,swapcoin,Swapcoin,SWP
1612,eusd,eUSD,EUSD
1613,snakeeyes,SnakeEyes,SNAKE
1614,10mtoken,10M Token,10MT
1615,psilocybin,Psilocybin,PSY
1616,goldmaxcoin,GoldMaxCoin,GMX
1617,litecoin-gold,LiteCoin Gold,LTG
1618,bitcoin-silver,Bitcoin Silver,BTCS
1619,gameleaguecoin,GameLeagueCoin,GML
1620,cheapcoin,Cheapcoin,CHEAP
1621,cash-poker-pro,Cash Poker Pro,CASH
1622,ibtc,iBTC,IBTC
1623,pirate-blocks,Pirate Blocks,SKULL
1624,ebit,eBIT,EBIT
1625,huncoin,Huncoin,HNC
1626,darklisk,DarkLisk,DISK
1627,faceblock,Faceblock,FBL
1628,cycling-coin,Cycling Coin,CYC
1629,infinity-pay,Infinity Pay,IPY
1630,bitcoin2x,Bitcoin2x,BTC2X
1631,todaycoin,TodayCoin,TODAY
1632,pokecoin,PokeCoin,POKE
1633,hyper-tv,Hyper TV,HYTV
1634,india-coin,India Coin,INDIA
1635,uahpay,UAHPay,UAHPAY
1636,primulon,Primulon,PRIMU
1637,sportscoin,SportsCoin,SPORT
1638,opescoin,Opescoin,OPES
1639,trickycoin,TrickyCoin,TRICK
1640,decentralized-universal-basic-income,Decentralized Universal Basic Income,DUBI
1641,landcoin,LandCoin,LDCN
1642,karmacoin,Karmacoin,KARMA
1643,shellcoin,ShellCoin,SHELL
1644,rhfcoin,RHFCoin,RHFC
1645,sigmacoin,SIGMAcoin,SIGMA
1646,lltoken,LLToken,LLT
1647,musiconomi,Musiconomi,MCI
1648,infinitecoin,Infinitecoin,IFC
1649,supernet-unity,SuperNET,UNITY
1650,x2,X2,X2
1651,operand,Operand,OP
1652,thecreed,TheCreed,TCR
1653,frankywillcoin,FrankyWillCoin,FRWC
1654,lazaruscoin,Lazaruscoin,LAZ
1655,farstcoin,Farstcoin,FRCT
1656,timescoin,TimesCoin,TMC
1657,natcoin,Natcoin,NTC
1658,egold,eGold,EGOLD
1659,spherepay,SpherePay,SAY
1660,voyacoin,Voyacoin,VOYA
1661,xaucoin,Xaucoin,XAU
1662,dubstep,Dubstep,DUB
1663,invisiblecoin,InvisibleCoin,IVZ
1664,bitalphacoin,BitAlphaCoin,BAC
1665,mmxvi,MMXVI,MMXVI
1666,ocow,OCOW,OCOW
1667,lathaan,LAthaan,LTH
1668,teamup,TeamUp,TEAM
1669,wowcoin,Wowcoin,WOW
1670,pinkdog,PinkDog,PDG
1671,the-vegan-initiative,The Vegan Initiative,XVE
1672,infchain,InfChain,INF
1673,monero-gold,Monero Gold,XMRG
1674,medibond-medi,MediBond,Medi
1675,xtrade_xtrd,XTRADE,XTRD
1676,alloy-xao,Alloy,XAO
1677,sucre,Sucre,SUCR
1678,ipbc,InterPlanetery Broadcast Coin,IPBC
1679,hodlit,HODLIT,HIT
1680,medi-coin,Medic Coin,MEDIC
1681,callisto,Callisto,CLO
1682,bitcointoken,BitcoinToken,BTK
1683,winding-tree,Winding Tree,LIF
1684,akroma,Akroma,AKA
1685,reality-clash-coin,Reality Clash Coin,RCC
1686,motilecoin,MotileCoin,MIE
1687,parachute-token,Parachute Token,PAR
1688,rover-coin,Rover Coin,ROE
1689,bitcoin-one,BitCoin ONE,BTCONE
1690,uservice,Uservice,UST
1691,teky,Teky,MEK
1692,goalbonanza,GoalBonanza,GOAL
1693,bitcoen,BitCoen,BEN
1694,folmcoin,Folmcoin,FLM
1695,xinfin,XinFin,XDCE
1696,stakenet,StakeNet,XSN
1697,paycentos,Paycentos,PYN
1698,sapien,Sapien,SPN
1699,nectar,Nectar,NCT
1700,proxeus-token,Proxeus,XES
